{"cameraMode":{"drawMode":0,"name":"Shaded","section":"Shading Mode"},"sceneLighting":true,"audioPlay":false,"sceneViewState":{"m_AlwaysRefresh":false,"showFog":true,"showSkybox":true,"showFlares":true,"showImageEffects":true,"showParticleSystems":true,"showVisualEffectGraphs":true,"m_FxEnabled":true},"in2DMode":false,"pivot":{"x":35.181304931640628,"y":2.8765628337860109,"z":78.10652923583985},"rotation":{"x":-0.04643791541457176,"y":-0.04464072734117508,"z":0.002067608991637826,"w":-0.9979298114776611},"size":10.813202857971192,"orthographic":false}